
INSERT INTO `users` (`id`, `password`) VALUES ('100540001', 'ac67aa3ae9bb7df054d795f0e0b8054ace35477dc48c1098e92d5a1347ba5560');
INSERT INTO `student` (`snumber`, `firstname`, `lastname`, `parkingnumber`, `dob`, `phone`, `alternatephone`, `nationality`, `address`, `city`, `state`, `zip`, `country`, `year`, `specialneeds`, `comments`, `sex`, `smoker`, `guest`) VALUES ('100540001', 'Harry', 'Potter', '003', '1991-07-21', '9189327078', '9176326078', 'British', '31 B, Privet Drive', 'London', '', 'W12 7TS', 'England', '1', 'None', NULL, 'M', 'N', '0');

INSERT INTO `users` (`id`, `password`) VALUES ('2', 'ac67aa3ae9bb7df054d795f0e0b8054ace35477dc48c1098e92d5a1347ba5560');
INSERT INTO `users` (`id`, `password`) VALUES ('3', 'ac67aa3ae9bb7df054d795f0e0b8054ace35477dc48c1098e92d5a1347ba5560');
INSERT INTO `users` (`id`, `password`) VALUES ('4', 'ac67aa3ae9bb7df054d795f0e0b8054ace35477dc48c1098e92d5a1347ba5560');
INSERT INTO `users` (`id`, `password`) VALUES ('5', 'ac67aa3ae9bb7df054d795f0e0b8054ace35477dc48c1098e92d5a1347ba5560');
INSERT INTO `users` (`id`, `password`) VALUES ('6', 'ac67aa3ae9bb7df054d795f0e0b8054ace35477dc48c1098e92d5a1347ba5560');
INSERT INTO `users` (`id`, `password`) VALUES ('7', 'ac67aa3ae9bb7df054d795f0e0b8054ace35477dc48c1098e92d5a1347ba5560');
INSERT INTO `staff` (`staffnumber`, `firstname`, `lastname`, `department`, `position`, `dob`, `address`, `city`, `state`, `zip`, `country`, `sex`) VALUES ('2', 'Minerva', 'McGonagall', 'UNKNOWN', 'Hall Manager/Supervisor', '1950-08-04', 'McGonagall Road', 'Delhi', '', '011', 'India', 'F');
INSERT INTO `staff` (`staffnumber`, `firstname`, `lastname`, `department`, `position`, `dob`, `address`, `city`, `state`, `zip`, `country`, `sex`) VALUES ('3', 'Severus', 'Snape', 'UNKNOWN', 'Hall Manager/Supervisor', '1953-10-07', 'Snape Road', 'Lahore', '', '007', 'Pakistan', 'M');
INSERT INTO `staff` (`staffnumber`, `firstname`, `lastname`, `department`, `position`, `dob`, `address`, `city`, `state`, `zip`, `country`, `sex`) VALUES ('4', 'Filius', 'Flitwick', 'UNKNOWN', 'Hall Manager/Supervisor', '1960-08-06', 'Flitwick Road', 'Sydney', '', '050', 'Australia', 'M');
INSERT INTO `staff` (`staffnumber`, `firstname`, `lastname`, `department`, `position`, `dob`, `address`, `city`, `state`, `zip`, `country`, `sex`) VALUES ('5', 'Ponoma', 'Sprout', 'UNKNOWN', 'Hall Manager/Supervisor', '1965-08-16', 'Sprout Road', 'Berlin', '', '05963', 'Germany', 'F');
INSERT INTO `staff` (`staffnumber`, `firstname`, `lastname`, `department`, `position`, `dob`, `address`, `city`, `state`, `zip`, `country`, `sex`) VALUES ('6', 'Lebron', 'James', 'UNKNOWN', 'Hall Manager/Supervisor', '1981-01-01', '1702 Beach Road', 'Miami', 'FL', '33101', 'USA', 'M');
INSERT INTO `staff` (`staffnumber`, `firstname`, `lastname`, `department`, `position`, `dob`, `address`, `city`, `state`, `zip`, `country`, `sex`) VALUES ('7', 'Albus', 'Dumbledore', 'UNKNOWN', 'Hall Manager/Supervisor', '1945-04-23', 'Dumbledore Road', 'Gandhinagar', '', '382007', 'India', 'M');

INSERT INTO `housingdetails` (`housingDetailsLocation`, `name`, `address`, `city`, `state`, `zip`, `supervisor`, `requiredYear`, `phone`) VALUES ('1', 'Falcon House', '2746 Cates Avenue', 'Raleigh', 'NC', '27607', '6', '0', '919-777-6541');
INSERT INTO `housingdetails` (`housingDetailsLocation`, `name`, `address`, `city`, `state`, `zip`, `supervisor`, `requiredYear`, `phone`) VALUES ('2', 'Gryffindor Hall', '2751 Cates Avenue, Gryffindor Residence Hall', 'Raleigh', 'NC', '27607', '2', '0', '919-540-0001');
INSERT INTO `housingdetails` (`housingDetailsLocation`, `name`, `address`, `city`, `state`, `zip`, `supervisor`, `requiredYear`, `phone`) VALUES ('3', 'Slytherin Hall', '210 Dan Allen Drive', 'Raleigh', 'NC', '27695', '3', '5', '919-540-0002');
INSERT INTO `housingdetails` (`housingDetailsLocation`, `name`, `address`, `city`, `state`, `zip`, `supervisor`, `requiredYear`, `phone`) VALUES ('4', 'Ravenclaw', '315 Gorman Crossings', 'Raleigh', 'NC', '27606', '4', '0', '919-540-0003');
INSERT INTO `housingdetails` (`housingDetailsLocation`, `name`, `address`, `city`, `state`, `zip`, `supervisor`, `requiredYear`, `phone`) VALUES ('5', 'Hufflepuff', '515 University Commons', 'Raleigh', 'NC', '27606', '5', '0', '919-540-0004');
INSERT INTO `housingdetails` (`housingDetailsLocation`, `name`, `address`, `city`, `state`, `zip`, `supervisor`, `requiredYear`, `phone`) VALUES ('6', 'Hogwarts', '300 Wade Avenue', 'Raleigh', 'NC', '27606', '7', '0', '919-540-0005');

INSERT INTO `appartments` (`housingDetailsLocation`, `rent`, `deposit`, `apttype`, `aptnum`, `family`) VALUES ('4', '350', '400', '3 Bed, 3 Bath', '101', '0');
INSERT INTO `appartments` (`housingDetailsLocation`, `rent`, `deposit`, `apttype`, `aptnum`, `family`) VALUES ('4', '350', '400', '4 Bed, 4 Bath', '102', '0');
INSERT INTO `appartments` (`housingDetailsLocation`, `rent`, `deposit`, `apttype`, `aptnum`, `family`) VALUES ('5', '375', '450', '3 Bed, 3 Bath', '103', '0');
INSERT INTO `appartments` (`housingDetailsLocation`, `rent`, `deposit`, `apttype`, `aptnum`, `family`) VALUES ('5', '375', '450', '4 Bed, 4 Bath', '104', '0');
INSERT INTO `appartments` (`housingDetailsLocation`, `rent`, `deposit`, `apttype`, `aptnum`, `family`) VALUES ('6', '450', '500', '1 Bed', '105', '1');
INSERT INTO `appartments` (`housingDetailsLocation`, `rent`, `deposit`, `apttype`, `aptnum`, `family`) VALUES ('6', '550', '600', '2 Bed', '106', '1');
INSERT INTO `appartments` (`housingDetailsLocation`, `rent`, `deposit`, `apttype`, `aptnum`, `family`) VALUES ('6', '700', '800', '3 Bed', '107', '1');

INSERT INTO `appartmentrooms` (`aptLocation`, `aptnum`, `roomnum`) VALUES ('1', '101', '1');
INSERT INTO `appartmentrooms` (`aptLocation`, `aptnum`, `roomnum`) VALUES ('2', '101', '2');
INSERT INTO `appartmentrooms` (`aptLocation`, `aptnum`, `roomnum`) VALUES ('3', '101', '3');
INSERT INTO `appartmentrooms` (`aptLocation`, `aptnum`, `roomnum`) VALUES ('4', '102', '1');
INSERT INTO `appartmentrooms` (`aptLocation`, `aptnum`, `roomnum`) VALUES ('5', '102', '2');
INSERT INTO `appartmentrooms` (`aptLocation`, `aptnum`, `roomnum`) VALUES ('6', '102', '3');
INSERT INTO `appartmentrooms` (`aptLocation`, `aptnum`, `roomnum`) VALUES ('7', '102', '4');
INSERT INTO `appartmentrooms` (`aptLocation`, `aptnum`, `roomnum`) VALUES ('8', '103', '1');
INSERT INTO `appartmentrooms` (`aptLocation`, `aptnum`, `roomnum`) VALUES ('9', '103', '2');
INSERT INTO `appartmentrooms` (`aptLocation`, `aptnum`, `roomnum`) VALUES ('10', '103', '3');
INSERT INTO `appartmentrooms` (`aptLocation`, `aptnum`, `roomnum`) VALUES ('11', '104', '1');
INSERT INTO `appartmentrooms` (`aptLocation`, `aptnum`, `roomnum`) VALUES ('12', '104', '2');
INSERT INTO `appartmentrooms` (`aptLocation`, `aptnum`, `roomnum`) VALUES ('13', '104', '3');
INSERT INTO `appartmentrooms` (`aptLocation`, `aptnum`, `roomnum`) VALUES ('14', '104', '4');
INSERT INTO `appartmentrooms` (`aptLocation`, `aptnum`, `roomnum`) VALUES ('15', '105', '1');
INSERT INTO `appartmentrooms` (`aptLocation`, `aptnum`, `roomnum`) VALUES ('16', '106', '1');
INSERT INTO `appartmentrooms` (`aptLocation`, `aptnum`, `roomnum`) VALUES ('17', '107', '1');

INSERT INTO `hallrooms` (`hallLocation`, `housingDetailsLocation`, `roomnum`) VALUES ('1', '2', '1');
INSERT INTO `hallrooms` (`hallLocation`, `housingDetailsLocation`, `roomnum`) VALUES ('2', '2', '2');
INSERT INTO `hallrooms` (`hallLocation`, `housingDetailsLocation`, `roomnum`) VALUES ('3', '2', '3');
INSERT INTO `hallrooms` (`hallLocation`, `housingDetailsLocation`, `roomnum`) VALUES ('4', '2', '4');
INSERT INTO `hallrooms` (`hallLocation`, `housingDetailsLocation`, `roomnum`) VALUES ('5', '2', '5');
INSERT INTO `hallrooms` (`hallLocation`, `housingDetailsLocation`, `roomnum`) VALUES ('6', '3', '1');
INSERT INTO `hallrooms` (`hallLocation`, `housingDetailsLocation`, `roomnum`) VALUES ('7', '3', '2');
INSERT INTO `hallrooms` (`hallLocation`, `housingDetailsLocation`, `roomnum`) VALUES ('8', '3', '3');

INSERT INTO `parkinglotsnear` (`lotnumber`, `near`) VALUES ('1', '1');
INSERT INTO `parkinglotsnear` (`lotnumber`, `near`) VALUES ('1', '2');
INSERT INTO `parkinglotsnear` (`lotnumber`, `near`) VALUES ('2', '3');
INSERT INTO `parkinglotsnear` (`lotnumber`, `near`) VALUES ('3', '4');
INSERT INTO `parkinglotsnear` (`lotnumber`, `near`) VALUES ('4', '4');
INSERT INTO `parkinglotsnear` (`lotnumber`, `near`) VALUES ('5', '5');
INSERT INTO `parkinglotsnear` (`lotnumber`, `near`) VALUES ('6', '6');

INSERT INTO `parkingclasscosts` (`classification`, `cost`) VALUES ('Handicapped', '25');
INSERT INTO `parkingclasscosts` (`classification`, `cost`) VALUES ('Bike', '30');
INSERT INTO `parkingclasscosts` (`classification`, `cost`) VALUES ('Small Car', '35');
INSERT INTO `parkingclasscosts` (`classification`, `cost`) VALUES ('Large Car', '40');

INSERT INTO `parkingspots` (`lotnumber`, `spotnumber`, `classification`) VALUES ('1', '1', 'Handicapped');
INSERT INTO `parkingspots` (`lotnumber`, `spotnumber`, `classification`) VALUES ('1', '2', 'Bike');
INSERT INTO `parkingspots` (`lotnumber`, `spotnumber`, `classification`) VALUES ('1', '3', 'Small Car');
INSERT INTO `parkingspots` (`lotnumber`, `spotnumber`, `classification`) VALUES ('1', '4', 'Large Car');
INSERT INTO `parkingspots` (`lotnumber`, `spotnumber`, `classification`) VALUES ('2', '5', 'Handicapped');
INSERT INTO `parkingspots` (`lotnumber`, `spotnumber`, `classification`) VALUES ('2', '6', 'Bike');
INSERT INTO `parkingspots` (`lotnumber`, `spotnumber`, `classification`) VALUES ('2', '7', 'Small Car');
INSERT INTO `parkingspots` (`lotnumber`, `spotnumber`, `classification`) VALUES ('2', '8', 'Small Car');
INSERT INTO `parkingspots` (`lotnumber`, `spotnumber`, `classification`) VALUES ('2', '9', 'Small Car');
INSERT INTO `parkingspots` (`lotnumber`, `spotnumber`, `classification`) VALUES ('2', '10', 'Large Car');
INSERT INTO `parkingspots` (`lotnumber`, `spotnumber`, `classification`) VALUES ('3', '11', 'Handicapped');
INSERT INTO `parkingspots` (`lotnumber`, `spotnumber`, `classification`) VALUES ('3', '12', 'Bike');
INSERT INTO `parkingspots` (`lotnumber`, `spotnumber`, `classification`) VALUES ('3', '13', 'Small Car');
INSERT INTO `parkingspots` (`lotnumber`, `spotnumber`, `classification`) VALUES ('3', '14', 'Small Car');
INSERT INTO `parkingspots` (`lotnumber`, `spotnumber`, `classification`) VALUES ('3', '15', 'Large Car');
INSERT INTO `parkingspots` (`lotnumber`, `spotnumber`, `classification`) VALUES ('3', '16', 'Large Car');
INSERT INTO `parkingspots` (`lotnumber`, `spotnumber`, `classification`) VALUES ('4', '17', 'Handicapped');
INSERT INTO `parkingspots` (`lotnumber`, `spotnumber`, `classification`) VALUES ('4', '18', 'Bike');
INSERT INTO `parkingspots` (`lotnumber`, `spotnumber`, `classification`) VALUES ('4', '19', 'Small Car');
INSERT INTO `parkingspots` (`lotnumber`, `spotnumber`, `classification`) VALUES ('4', '20', 'Large Car');
INSERT INTO `parkingspots` (`lotnumber`, `spotnumber`, `classification`) VALUES ('5', '21', 'Handicapped');
INSERT INTO `parkingspots` (`lotnumber`, `spotnumber`, `classification`) VALUES ('5', '22', 'Handicapped');
INSERT INTO `parkingspots` (`lotnumber`, `spotnumber`, `classification`) VALUES ('5', '23', 'Bike');
INSERT INTO `parkingspots` (`lotnumber`, `spotnumber`, `classification`) VALUES ('5', '24', 'Bike');
INSERT INTO `parkingspots` (`lotnumber`, `spotnumber`, `classification`) VALUES ('5', '25', 'Small Car');
INSERT INTO `parkingspots` (`lotnumber`, `spotnumber`, `classification`) VALUES ('5', '26', 'Small Car');
INSERT INTO `parkingspots` (`lotnumber`, `spotnumber`, `classification`) VALUES ('5', '27', 'Large Car');
INSERT INTO `parkingspots` (`lotnumber`, `spotnumber`, `classification`) VALUES ('5', '28', 'Large Car');
INSERT INTO `parkingspots` (`lotnumber`, `spotnumber`, `classification`) VALUES ('6', '29', 'Handicapped');
INSERT INTO `parkingspots` (`lotnumber`, `spotnumber`, `classification`) VALUES ('6', '30', 'Handicapped');
INSERT INTO `parkingspots` (`lotnumber`, `spotnumber`, `classification`) VALUES ('6', '31', 'Bike');
INSERT INTO `parkingspots` (`lotnumber`, `spotnumber`, `classification`) VALUES ('6', '32', 'Bike');
INSERT INTO `parkingspots` (`lotnumber`, `spotnumber`, `classification`) VALUES ('6', '33', 'Small Car');
INSERT INTO `parkingspots` (`lotnumber`, `spotnumber`, `classification`) VALUES ('6', '34', 'Small Car');
INSERT INTO `parkingspots` (`lotnumber`, `spotnumber`, `classification`) VALUES ('6', '35', 'Small Car');
INSERT INTO `parkingspots` (`lotnumber`, `spotnumber`, `classification`) VALUES ('6', '36', 'Small Car');
INSERT INTO `parkingspots` (`lotnumber`, `spotnumber`, `classification`) VALUES ('6', '37', 'Small Car');
INSERT INTO `parkingspots` (`lotnumber`, `spotnumber`, `classification`) VALUES ('6', '38', 'Large Car');
INSERT INTO `parkingspots` (`lotnumber`, `spotnumber`, `classification`) VALUES ('6', '39', 'Large Car');
INSERT INTO `parkingspots` (`lotnumber`, `spotnumber`, `classification`) VALUES ('6', '40', 'Large Car');
INSERT INTO `parkingspots` (`lotnumber`, `spotnumber`, `classification`) VALUES ('7', '41', 'Handicapped');
INSERT INTO `parkingspots` (`lotnumber`, `spotnumber`, `classification`) VALUES ('7', '42', 'Handicapped');
INSERT INTO `parkingspots` (`lotnumber`, `spotnumber`, `classification`) VALUES ('7', '43', 'Bike');
INSERT INTO `parkingspots` (`lotnumber`, `spotnumber`, `classification`) VALUES ('7', '44', 'Bike');
INSERT INTO `parkingspots` (`lotnumber`, `spotnumber`, `classification`) VALUES ('7', '45', 'Small Car');
INSERT INTO `parkingspots` (`lotnumber`, `spotnumber`, `classification`) VALUES ('7', '46', 'Small Car');
INSERT INTO `parkingspots` (`lotnumber`, `spotnumber`, `classification`) VALUES ('7', '47', 'Small Car');
INSERT INTO `parkingspots` (`lotnumber`, `spotnumber`, `classification`) VALUES ('7', '48', 'Small Car');
INSERT INTO `parkingspots` (`lotnumber`, `spotnumber`, `classification`) VALUES ('7', '49', 'Small Car');
INSERT INTO `parkingspots` (`lotnumber`, `spotnumber`, `classification`) VALUES ('7', '50', 'Large Car');
INSERT INTO `parkingspots` (`lotnumber`, `spotnumber`, `classification`) VALUES ('7', '51', 'Large Car');
INSERT INTO `parkingspots` (`lotnumber`, `spotnumber`, `classification`) VALUES ('7', '52', 'Large Car');